Func	Gene	ExonicFunc	AAChange	Conserved	SegDup	ESP6500_ALL	1000g2012apr_ALL	dbSNP137	AVSIFT	LJB_PhyloP	LJB_PhyloP_Pred	LJB_SIFT	LJB_SIFT_Pred	LJB_PolyPhen2	LJB_PolyPhen2_Pred	LJB_LRT	LJB_LRT_Pred	LJB_MutationTaster	LJB_MutationTaster_Pred	LJB_GERP++	Chr	Start	End	Ref	Obs	Co555	Co572
intronic	XPO5						1.00														6	43501580	43501580	-	A	hom	hom
intergenic	CRIP3(dist=19232),ZNF318(dist=8046)						0.98	rs967033													6	43295762	43295762	C	T	hom	hom
intronic	TAF8						0.98	rs4523084													6	42023099	42023099	G	A	hom	hom
intronic	SLC22A7						0.98	rs2841646													6	43270326	43270326	A	G	hom	hom
exonic	ZNF318	nonsynonymous SNV	ZNF318:NM_014345:exon10:c.T5390C:p.V1797A			0.978010	0.98	rs1459675	0.45	0.019814	N	0.37	T	0.0	B	0.061249	N	2.0E-6	P	-5.44	6	43306346	43306346	A	G	hom	hom
ncRNA_exonic	LOC100132354						0.97	rs9381260													6	43858865	43858865	T	G	hom	hom
intronic	GUCA1B						0.89	rs9471799													6	42153609	42153609	C	T	hom	hom
intronic	ABCC10						0.88	rs831312													6	43405525	43405525	C	T	hom	hom
intronic	MRPS10						0.88	rs6936290													6	42176451	42176451	G	A	hom	hom
intronic	MRPS10						0.88	rs57369579													6	42176744	42176744	G	-	hom	hom
UTR5	GUCA1B					0.860530	0.88	rs1474867													6	42162575	42162575	A	G	hom	hom
UTR3	PRPH2						0.78	rs432753													6	42665490	42665490	C	T	het	het
UTR3	CCND3						0.77	rs9529													6	41903007	41903007	T	C	het	hom
intronic	BYSL						0.77	rs2479726													6	41898096	41898096	A	G	het	hom
exonic	TFEB	synonymous SNV	TFEB:NM_001271943:exon8:c.A909G:p.P303P,TFEB:NM_001167827:exon9:c.A1206G:p.P402P,TFEB:NM_001271944:exon9:c.A1164G:p.P388P,TFEB:NM_001271945:exon9:c.A1164G:p.P388P,TFEB:NM_007162:exon10:c.A1164G:p.P388P			0.756197	0.74	rs1062966													6	41652604	41652604	T	C	hom	het
exonic	GUCA1B	synonymous SNV	GUCA1B:NM_002098:exon1:c.T171C:p.Y57Y	562;Name=lod=256		0.513840	0.60	rs3749921													6	42162388	42162388	A	G	hom	hom
intronic	MRPS10					0.513763	0.60	rs2295278													6	42176120	42176120	G	T	hom	hom
intronic	PEX6			355;Name=lod=37		0.376672	0.30	rs9986447													6	42942779	42942779	A	G	het	het
UTR3	TRERF1							rs200042915													6	42194278	42194278	-	C	hom	hom
